,attendee,affiliation,link,letter
1650,Claus Kadelka,Iowa State University,https://meetings.ams.org/math/jmm2022/meetingapp.cgi/Login/current,K
2580,Eduardo Oregon Reyes,"University of California, Berkeley",https://meetings.ams.org/math/jmm2022/meetingapp.cgi/Login/current,O
1133,Nicola Garofalo,"Department of Civil and Environmental Engineering/University of Padova, ITALY",https://meetings.ams.org/math/jmm2022/meetingapp.cgi/Login/current,G
887,Emily Dryden,Bucknell University,https://meetings.ams.org/math/jmm2022/meetingapp.cgi/Login/current,D
600,Lars Winther Christensen,Texas Tech University,https://meetings.ams.org/math/jmm2022/meetingapp.cgi/Login/current,C
3084,Karl Schaffer,De Anza College,https://meetings.ams.org/math/jmm2022/meetingapp.cgi/Login/current,S
1704,Dominique Kemp,University of Wisconsin-Madison,https://meetings.ams.org/math/jmm2022/meetingapp.cgi/Login/current,K
583,Olivia Chesney,Roger Williams University,https://meetings.ams.org/math/jmm2022/meetingapp.cgi/Login/current,C
3038,Maria Isabel Sanchez Muniz,"University of Minnesota, Twin Cities",https://meetings.ams.org/math/jmm2022/meetingapp.cgi/Login/current,S
2941,Gustavo Rohde,University of Virginia,https://meetings.ams.org/math/jmm2022/meetingapp.cgi/Login/current,R
676,Carla Cotwright-Williams,AWM Executive Committee,https://meetings.ams.org/math/jmm2022/meetingapp.cgi/Login/current,C
2424,Amila Muthunayake,University of Miami,https://meetings.ams.org/math/jmm2022/meetingapp.cgi/Login/current,M
1468,Hansol Hong,Yonsei University,https://meetings.ams.org/math/jmm2022/meetingapp.cgi/Login/current,H
754,Payel Das,IBM Research,https://meetings.ams.org/math/jmm2022/meetingapp.cgi/Login/current,D
2499,Vinh Nguyen,Purdue University,https://meetings.ams.org/math/jmm2022/meetingapp.cgi/Login/current,N
791,Louis A Deaett,Quinnipiac University,https://meetings.ams.org/math/jmm2022/meetingapp.cgi/Login/current,D
3046,Karilyn E Sant,San Diego State University School of Public Health,https://meetings.ams.org/math/jmm2022/meetingapp.cgi/Login/current,S
955,Sean English,University of Illinois Urbana-Champaign,https://meetings.ams.org/math/jmm2022/meetingapp.cgi/Login/current,E
3827,Brian Winkel,"SIMIODE, Cornwall NY USA",https://meetings.ams.org/math/jmm2022/meetingapp.cgi/Login/current,W
1796,Andrew Kobin,"University of California, Santa Cruz",https://meetings.ams.org/math/jmm2022/meetingapp.cgi/Login/current,K
2651,Mirjeta Pasha,Arizona State University,https://meetings.ams.org/math/jmm2022/meetingapp.cgi/Login/current,P
3924,Gulsah Yeni,Pennsylvania State University,https://meetings.ams.org/math/jmm2022/meetingapp.cgi/Login/current,Y
2250,Patrick T. McDonald,New College of Florida,https://meetings.ams.org/math/jmm2022/meetingapp.cgi/Login/current,M
1264,Anna Grim,Brown University,https://meetings.ams.org/math/jmm2022/meetingapp.cgi/Login/current,G
3240,Abhishek Sivaram,Columbia University,https://meetings.ams.org/math/jmm2022/meetingapp.cgi/Login/current,S
3253,Griffin Smith,Montana State University,https://meetings.ams.org/math/jmm2022/meetingapp.cgi/Login/current,S
1791,Christina Knapp,Microsoft Station Q,https://meetings.ams.org/math/jmm2022/meetingapp.cgi/Login/current,K
32,Artur Agaronyan,"Department of Radiology, Howard University",https://meetings.ams.org/math/jmm2022/meetingapp.cgi/Login/current,A
1324,Iva Halacheva,Northeastern University,https://meetings.ams.org/math/jmm2022/meetingapp.cgi/Login/current,H
3906,Jincheng Yang,The University of Texas At Austin,https://meetings.ams.org/math/jmm2022/meetingapp.cgi/Login/current,Y
667,Daniel Brendan Cooney,University of Pennsylvania,https://meetings.ams.org/math/jmm2022/meetingapp.cgi/Login/current,C
2995,Benjamin Peter Russo,Oak Ridge National Laboratory,https://meetings.ams.org/math/jmm2022/meetingapp.cgi/Login/current,R
2301,Frédéric Meunier,_cole Nationale des Ponts et Chaussées,https://meetings.ams.org/math/jmm2022/meetingapp.cgi/Login/current,M
2368,Sungju Moon,Seoul National University,https://meetings.ams.org/math/jmm2022/meetingapp.cgi/Login/current,M
1493,Daoji Huang,University of Minnesota,https://meetings.ams.org/math/jmm2022/meetingapp.cgi/Login/current,H
3357,Alaina Stockdill,Whitworth University,https://meetings.ams.org/math/jmm2022/meetingapp.cgi/Login/current,S
1969,Kathryn E Leonard,Occidental College,https://meetings.ams.org/math/jmm2022/meetingapp.cgi/Login/current,L
1821,Daniel Reuben Krashen,University of Pennsylvania,https://meetings.ams.org/math/jmm2022/meetingapp.cgi/Login/current,K
3429,Tingting Tang,San Diego State University,https://meetings.ams.org/math/jmm2022/meetingapp.cgi/Login/current,T
1099,Karen Gaines,St. Louis Community College,https://meetings.ams.org/math/jmm2022/meetingapp.cgi/Login/current,G
975,Emily J Evans,Brigham Young University,https://meetings.ams.org/math/jmm2022/meetingapp.cgi/Login/current,E
1134,Kristina Cole Garrett,Budapest Semesters in Mathematics,https://meetings.ams.org/math/jmm2022/meetingapp.cgi/Login/current,G
2836,Rogelio Ramos Ramos Quiroga,CIMAT,https://meetings.ams.org/math/jmm2022/meetingapp.cgi/Login/current,R
483,Marion Campisi,San Jose State University,https://meetings.ams.org/math/jmm2022/meetingapp.cgi/Login/current,C
3363,Rosa Stolk,Maastricht University,https://meetings.ams.org/math/jmm2022/meetingapp.cgi/Login/current,S
3923,Ae Ja Yee,Pennsylvania State University,https://meetings.ams.org/math/jmm2022/meetingapp.cgi/Login/current,Y
3091,Deena R. Schmidt,"University of Nevada, Reno",https://meetings.ams.org/math/jmm2022/meetingapp.cgi/Login/current,S
3645,Clement Vinauger,"Virginia Tech, Blacksburg, VA",https://meetings.ams.org/math/jmm2022/meetingapp.cgi/Login/current,V
2415,Aidan Murphy,Virginia Tech,https://meetings.ams.org/math/jmm2022/meetingapp.cgi/Login/current,M
502,Joshua Carlson,Drake University,https://meetings.ams.org/math/jmm2022/meetingapp.cgi/Login/current,C
1541,Colin Ingalls,Carleton University,https://meetings.ams.org/math/jmm2022/meetingapp.cgi/Login/current,I
3745,Lori D Watson,Wake Forest University,https://meetings.ams.org/math/jmm2022/meetingapp.cgi/Login/current,W
948,Brooks Emerick,Kutztown University,https://meetings.ams.org/math/jmm2022/meetingapp.cgi/Login/current,E
1322,William Edward Hahn,Florida Atlantic University,https://meetings.ams.org/math/jmm2022/meetingapp.cgi/Login/current,H
3552,Mikheil Tutberidze,Institute of Applied Physics,https://meetings.ams.org/math/jmm2022/meetingapp.cgi/Login/current,T
1251,Walton Green,Washington University In St. Louis,https://meetings.ams.org/math/jmm2022/meetingapp.cgi/Login/current,G
1190,Russell Goebel,Boston University,https://meetings.ams.org/math/jmm2022/meetingapp.cgi/Login/current,G
2961,John Ross,Southwestern University,https://meetings.ams.org/math/jmm2022/meetingapp.cgi/Login/current,R
3921,Aaron Yeager,College of Coastal Georgia,https://meetings.ams.org/math/jmm2022/meetingapp.cgi/Login/current,Y
2700,Laura Pertusi,University of Milan,https://meetings.ams.org/math/jmm2022/meetingapp.cgi/Login/current,P
2577,Tim Ophelders,TU Eindhoven,https://meetings.ams.org/math/jmm2022/meetingapp.cgi/Login/current,O
2871,Alan Reid,Rice University,https://meetings.ams.org/math/jmm2022/meetingapp.cgi/Login/current,R
464,Heather Butler,American Mathematical Society,https://meetings.ams.org/math/jmm2022/meetingapp.cgi/Login/current,B
1937,Jiri Lebl,Oklahoma State University,https://meetings.ams.org/math/jmm2022/meetingapp.cgi/Login/current,L
3012,Biswajit Sadhu,Washington State University,https://meetings.ams.org/math/jmm2022/meetingapp.cgi/Login/current,S
2351,Clayton Mizgerd,Williams College,https://meetings.ams.org/math/jmm2022/meetingapp.cgi/Login/current,M
3233,Anna Singley,Central Catholic high school,https://meetings.ams.org/math/jmm2022/meetingapp.cgi/Login/current,S
3916,Wenxi Yao,The University of Chicago,https://meetings.ams.org/math/jmm2022/meetingapp.cgi/Login/current,Y
802,Olivia Del Guercio,Rice University,https://meetings.ams.org/math/jmm2022/meetingapp.cgi/Login/current,D
2465,Brent Andrew Nelson,Michigan State University,https://meetings.ams.org/math/jmm2022/meetingapp.cgi/Login/current,N
1648,Jens Kaad,University of Southern Denmark,https://meetings.ams.org/math/jmm2022/meetingapp.cgi/Login/current,K
1378,Tess Harvey,University of Edinburgh,https://meetings.ams.org/math/jmm2022/meetingapp.cgi/Login/current,H
664,Keisha Cook,Clemson University,https://meetings.ams.org/math/jmm2022/meetingapp.cgi/Login/current,C
2054,Janet Liu,Microsoft Corporation,https://meetings.ams.org/math/jmm2022/meetingapp.cgi/Login/current,L
3613,Marilyn Vazquez,Ohio State University,https://meetings.ams.org/math/jmm2022/meetingapp.cgi/Login/current,V
547,Maria De Los Angeles Chara,Universidad Nacional del Litoral,https://meetings.ams.org/math/jmm2022/meetingapp.cgi/Login/current,C
249,Stefan Becuwe,"University of Antwerp, Belgium",https://meetings.ams.org/math/jmm2022/meetingapp.cgi/Login/current,B
2279,Borna Mehrad,University of Florida,https://meetings.ams.org/math/jmm2022/meetingapp.cgi/Login/current,M
1242,Nicholas Grabill,University of Michigan,https://meetings.ams.org/math/jmm2022/meetingapp.cgi/Login/current,G
840,Atul Dixit,IIT Gandhinagar,https://meetings.ams.org/math/jmm2022/meetingapp.cgi/Login/current,D
3118,Annalisa Scimemi,SUNY Albany,https://meetings.ams.org/math/jmm2022/meetingapp.cgi/Login/current,S
2271,Mackenzie Lee McPike,Tufts University,https://meetings.ams.org/math/jmm2022/meetingapp.cgi/Login/current,M
1025,Jennifer Fewell,Arizona State University,https://meetings.ams.org/math/jmm2022/meetingapp.cgi/Login/current,F
3191,Sierra Jenice Shoemaker,Washington State University,https://meetings.ams.org/math/jmm2022/meetingapp.cgi/Login/current,S
2500,Vivian Nguyen,The University of Arizona,https://meetings.ams.org/math/jmm2022/meetingapp.cgi/Login/current,N
3541,Fang-Ting Tu,Louisiana State University,https://meetings.ams.org/math/jmm2022/meetingapp.cgi/Login/current,T
1767,Robion Kirby,"University of California, Berkeley",https://meetings.ams.org/math/jmm2022/meetingapp.cgi/Login/current,K
1289,Max Gunzburger,Florida State University,https://meetings.ams.org/math/jmm2022/meetingapp.cgi/Login/current,G
34,Yash Agarwal,Dougherty Valley High School,https://meetings.ams.org/math/jmm2022/meetingapp.cgi/Login/current,A
532,Samuel H Chamberlin,Park University,https://meetings.ams.org/math/jmm2022/meetingapp.cgi/Login/current,C
1714,Andrew Kercher,Simon Fraser University,https://meetings.ams.org/math/jmm2022/meetingapp.cgi/Login/current,K
3081,Radmila Sazdanovic,North Carolina State University,https://meetings.ams.org/math/jmm2022/meetingapp.cgi/Login/current,S
1987,Timothy J Lewis,"University of California, Davis",https://meetings.ams.org/math/jmm2022/meetingapp.cgi/Login/current,L
143,Jai Aslam,NC State,https://meetings.ams.org/math/jmm2022/meetingapp.cgi/Login/current,A
3682,Stephen M. Walk,St. Cloud State University,https://meetings.ams.org/math/jmm2022/meetingapp.cgi/Login/current,W
3353,Sepideh Stewart,University of Oklahoma,https://meetings.ams.org/math/jmm2022/meetingapp.cgi/Login/current,S
3901,Deane Yang,New York University,https://meetings.ams.org/math/jmm2022/meetingapp.cgi/Login/current,Y
616,Emily Clader,San Francisco State University,https://meetings.ams.org/math/jmm2022/meetingapp.cgi/Login/current,C
709,Eric Culver,University of Colorado Denver,https://meetings.ams.org/math/jmm2022/meetingapp.cgi/Login/current,C
3343,Monroe Ame Stephenson,Reed College,https://meetings.ams.org/math/jmm2022/meetingapp.cgi/Login/current,S
2878,Kevin Ren,MIT,https://meetings.ams.org/math/jmm2022/meetingapp.cgi/Login/current,R
225,Aravind Baskar,University of Notre Dame,https://meetings.ams.org/math/jmm2022/meetingapp.cgi/Login/current,B
995,Libby Farrell,"University of Minnesota, Twin Cities",https://meetings.ams.org/math/jmm2022/meetingapp.cgi/Login/current,F
46,Eva Aigner,MJS,https://meetings.ams.org/math/jmm2022/meetingapp.cgi/Login/current,A
546,Julien Chaput,UTEP/PNNL,https://meetings.ams.org/math/jmm2022/meetingapp.cgi/Login/current,C
1362,Johanna Hardin,Pomona College,https://meetings.ams.org/math/jmm2022/meetingapp.cgi/Login/current,H
2541,Sean O'Rourke,University of Colorado Boulder,https://meetings.ams.org/math/jmm2022/meetingapp.cgi/Login/current,O
1484,Chi-Yun Hsu,UCLA,https://meetings.ams.org/math/jmm2022/meetingapp.cgi/Login/current,H
518,Minerva Catral,Xavier University,https://meetings.ams.org/math/jmm2022/meetingapp.cgi/Login/current,C
2457,Deanna Needell,UCLA,https://meetings.ams.org/math/jmm2022/meetingapp.cgi/Login/current,N
2906,Viviana I. Risca,Rockefeller University,https://meetings.ams.org/math/jmm2022/meetingapp.cgi/Login/current,R
3320,Melissa Stadt,University of Waterloo,https://meetings.ams.org/math/jmm2022/meetingapp.cgi/Login/current,S
3049,Matea Santiago,University of Arizona,https://meetings.ams.org/math/jmm2022/meetingapp.cgi/Login/current,S
1952,Alan R Legg,Purdue University Fort Wayne,https://meetings.ams.org/math/jmm2022/meetingapp.cgi/Login/current,L
685,William Craig,University of Virginia,https://meetings.ams.org/math/jmm2022/meetingapp.cgi/Login/current,C
3256,Philip Smith,The University of Tennessee at Chattanooga,https://meetings.ams.org/math/jmm2022/meetingapp.cgi/Login/current,S
2511,Seppo M Niemi-Colvin,Duke University,https://meetings.ams.org/math/jmm2022/meetingapp.cgi/Login/current,N
2831,Kaviita Ramanan,Brown University,https://meetings.ams.org/math/jmm2022/meetingapp.cgi/Login/current,R
1287,Abba Gumel,Arizona State University,https://meetings.ams.org/math/jmm2022/meetingapp.cgi/Login/current,G
1500,Diana Hubbard,Brooklyn College,https://meetings.ams.org/math/jmm2022/meetingapp.cgi/Login/current,H
2034,Tzu-Chi Lin,University of North Carolina at Chapel Hill,https://meetings.ams.org/math/jmm2022/meetingapp.cgi/Login/current,L
89,Silviana Amethyst,University of Wisconsin _ Eau Claire,https://meetings.ams.org/math/jmm2022/meetingapp.cgi/Login/current,A
559,Chen Chen,Ohio State University,https://meetings.ams.org/math/jmm2022/meetingapp.cgi/Login/current,C
2980,Karla Rubi,CSU-Dominguez-Hills,https://meetings.ams.org/math/jmm2022/meetingapp.cgi/Login/current,R
1398,Jiwen He,"Department of Mathematics, University of Houston",https://meetings.ams.org/math/jmm2022/meetingapp.cgi/Login/current,H
215,Joe Barrera,Converse College,https://meetings.ams.org/math/jmm2022/meetingapp.cgi/Login/current,B
1106,Anne-Katrin Gallagher,"Gallagher Tool & Instrument, Redmond, WA",https://meetings.ams.org/math/jmm2022/meetingapp.cgi/Login/current,G
1894,Manoj Lamichhane,Florida Polytechnic University,https://meetings.ams.org/math/jmm2022/meetingapp.cgi/Login/current,L
3573,Enrico Valdinoci,University of Western Australia,https://meetings.ams.org/math/jmm2022/meetingapp.cgi/Login/current,V
2125,Diane Maclagan,University of Warwick,https://meetings.ams.org/math/jmm2022/meetingapp.cgi/Login/current,M
3704,Hang Wang,East China Normal University,https://meetings.ams.org/math/jmm2022/meetingapp.cgi/Login/current,W
3850,Tony Wing Hong Wong,Kutztown University of Pennsylvania,https://meetings.ams.org/math/jmm2022/meetingapp.cgi/Login/current,W
3173,Arthur Sherman,National Institutes of Health,https://meetings.ams.org/math/jmm2022/meetingapp.cgi/Login/current,S
3376,Jakob Streipel,Washington State University,https://meetings.ams.org/math/jmm2022/meetingapp.cgi/Login/current,S
521,Michael Cavers,University of Toronto,https://meetings.ams.org/math/jmm2022/meetingapp.cgi/Login/current,C
3310,Sam Spiro,"University of California, Berkeley",https://meetings.ams.org/math/jmm2022/meetingapp.cgi/Login/current,S
1583,Tyler Jarvis,Brigham Young University,https://meetings.ams.org/math/jmm2022/meetingapp.cgi/Login/current,J
1048,Henry Fleischmann,University of Michigan,https://meetings.ams.org/math/jmm2022/meetingapp.cgi/Login/current,F
2110,Russell Lyons,Indiana University,https://meetings.ams.org/math/jmm2022/meetingapp.cgi/Login/current,L
1,Mohamed Abdelkader Abba,North Carolina State University,https://meetings.ams.org/math/jmm2022/meetingapp.cgi/Login/current,A
2186,Erin Haller Martin,Lindenwood University,https://meetings.ams.org/math/jmm2022/meetingapp.cgi/Login/current,M
482,Andrew Campbell,University of Colorado,https://meetings.ams.org/math/jmm2022/meetingapp.cgi/Login/current,C
3627,Amy Veprauskas,University of Louisiana at Lafayette,https://meetings.ams.org/math/jmm2022/meetingapp.cgi/Login/current,V
693,Stephen Chase Creamer,Wofford College,https://meetings.ams.org/math/jmm2022/meetingapp.cgi/Login/current,C
3184,Patrick Shipman,Colorado State University,https://meetings.ams.org/math/jmm2022/meetingapp.cgi/Login/current,S
379,Sylvia T Bozeman,Spelman College,https://meetings.ams.org/math/jmm2022/meetingapp.cgi/Login/current,B
928,Eric S. Egge,Carleton College,https://meetings.ams.org/math/jmm2022/meetingapp.cgi/Login/current,E
582,Artem Chernikov,"University of California, Los Angeles",https://meetings.ams.org/math/jmm2022/meetingapp.cgi/Login/current,C
3094,Maxie Dion Schmidt,Georgia Institute of Technology,https://meetings.ams.org/math/jmm2022/meetingapp.cgi/Login/current,S
918,Dennis Ebersole,Northampton Community College,https://meetings.ams.org/math/jmm2022/meetingapp.cgi/Login/current,E
71,Stephen Allegri,Georgia Institute of Technology,https://meetings.ams.org/math/jmm2022/meetingapp.cgi/Login/current,A
820,Neil Dey,North Carolina State University,https://meetings.ams.org/math/jmm2022/meetingapp.cgi/Login/current,D
86,Dylan Alvarenga,Cal Poly Pomona,https://meetings.ams.org/math/jmm2022/meetingapp.cgi/Login/current,A
3164,Adam Sheffer,Baruch College,https://meetings.ams.org/math/jmm2022/meetingapp.cgi/Login/current,S
2064,Susan Loepp,Williams College,https://meetings.ams.org/math/jmm2022/meetingapp.cgi/Login/current,L
588,Tien Chih,Montana State University Billings,https://meetings.ams.org/math/jmm2022/meetingapp.cgi/Login/current,C
563,Jun Chen,Arizona State University,https://meetings.ams.org/math/jmm2022/meetingapp.cgi/Login/current,C
2276,Marc Medici,Simpson College,https://meetings.ams.org/math/jmm2022/meetingapp.cgi/Login/current,M
118,Robyn P Araujo,Queensland University of Technology,https://meetings.ams.org/math/jmm2022/meetingapp.cgi/Login/current,A
2331,Samantha Miller-Brown,Lehigh University,https://meetings.ams.org/math/jmm2022/meetingapp.cgi/Login/current,M
305,Arunima Bhattacharya,University of Washington,https://meetings.ams.org/math/jmm2022/meetingapp.cgi/Login/current,B
3065,Gautham Sathish,Krea University,https://meetings.ams.org/math/jmm2022/meetingapp.cgi/Login/current,S
353,Elyse Borgert,University of North Carolina at Chapel Hill,https://meetings.ams.org/math/jmm2022/meetingapp.cgi/Login/current,B
3149,Eli Shamovich,Ben-Gurion University of the Negev,https://meetings.ams.org/math/jmm2022/meetingapp.cgi/Login/current,S
2439,Joseph Nakao,University of Delaware,https://meetings.ams.org/math/jmm2022/meetingapp.cgi/Login/current,N
3583,Hein Van Der Holst,Georgia State University,https://meetings.ams.org/math/jmm2022/meetingapp.cgi/Login/current,V
535,Chi Han Chan,National Yang Ming Chiao Tung University,https://meetings.ams.org/math/jmm2022/meetingapp.cgi/Login/current,C
2420,Stacy Musgrave,California State Polytechnic University Pomona,https://meetings.ams.org/math/jmm2022/meetingapp.cgi/Login/current,M
3544,Henry Tucker,"University of California, Riverside",https://meetings.ams.org/math/jmm2022/meetingapp.cgi/Login/current,T
886,Thomas L Drucker,University of Wisconsin--Whitewater,https://meetings.ams.org/math/jmm2022/meetingapp.cgi/Login/current,D
2783,Lara K Pudwell,Valparaiso University,https://meetings.ams.org/math/jmm2022/meetingapp.cgi/Login/current,P
1278,Eric Guan,North Carolina School of Science and Mathematics,https://meetings.ams.org/math/jmm2022/meetingapp.cgi/Login/current,G
865,Casey Donoven,Montana State University Northern,https://meetings.ams.org/math/jmm2022/meetingapp.cgi/Login/current,D
411,Sean Brooks,Coppin State University,https://meetings.ams.org/math/jmm2022/meetingapp.cgi/Login/current,B
531,Darryl Chamberlain Jr.,Embry-Riddle Aeronautical University,https://meetings.ams.org/math/jmm2022/meetingapp.cgi/Login/current,C
2701,Ethan Pesikoff,Yale University,https://meetings.ams.org/math/jmm2022/meetingapp.cgi/Login/current,P
3725,Xiang-Sheng Wang,University of Louisiana at Lafayette,https://meetings.ams.org/math/jmm2022/meetingapp.cgi/Login/current,W
2094,Anton Lukyanenko,"George Mason University, Fairfax",https://meetings.ams.org/math/jmm2022/meetingapp.cgi/Login/current,L
636,Alexander Cohen,Yale University,https://meetings.ams.org/math/jmm2022/meetingapp.cgi/Login/current,C
738,David Damanik,Rice University,https://meetings.ams.org/math/jmm2022/meetingapp.cgi/Login/current,D
1898,Jacob B Landis,"BTI Computational Biology Center, Boyce Thompson Institute",https://meetings.ams.org/math/jmm2022/meetingapp.cgi/Login/current,L
2741,Cornelia Pokalyuk,Goethe University Frankfurt,https://meetings.ams.org/math/jmm2022/meetingapp.cgi/Login/current,P
899,Sam Dulin,University of Virginia,https://meetings.ams.org/math/jmm2022/meetingapp.cgi/Login/current,D
1372,Louis B Harrison,H. Lee Moffitt Cancer Center & Research Institute,https://meetings.ams.org/math/jmm2022/meetingapp.cgi/Login/current,H
186,Hannah Lynne Ball,United States Military Academy,https://meetings.ams.org/math/jmm2022/meetingapp.cgi/Login/current,B
193,Shreejit Bandyopadhyay,Pennsylvania State University,https://meetings.ams.org/math/jmm2022/meetingapp.cgi/Login/current,B
2012,Yulong Li,"University of Nevada, Reno",https://meetings.ams.org/math/jmm2022/meetingapp.cgi/Login/current,L
3999,Luoding Zhu,Indiana University-Purdue University Indianapolis,https://meetings.ams.org/math/jmm2022/meetingapp.cgi/Login/current,Z
845,Anton Dochtermann,Texas State University,https://meetings.ams.org/math/jmm2022/meetingapp.cgi/Login/current,D
1416,Christopher Henderson,University of Arizona,https://meetings.ams.org/math/jmm2022/meetingapp.cgi/Login/current,H
43,Jan Ahmed,University of Delaware,https://meetings.ams.org/math/jmm2022/meetingapp.cgi/Login/current,A
3390,Michael Sullivan,Brigham Young University,https://meetings.ams.org/math/jmm2022/meetingapp.cgi/Login/current,S
1596,Alathea Jensen,Susquehanna University,https://meetings.ams.org/math/jmm2022/meetingapp.cgi/Login/current,J
1261,Eloísa Grifo,University of Nebraska-Lincoln,https://meetings.ams.org/math/jmm2022/meetingapp.cgi/Login/current,G
715,Sean N. Curry,Oklahoma State University,https://meetings.ams.org/math/jmm2022/meetingapp.cgi/Login/current,C
3909,Qiaohua Yang,Wuhan University,https://meetings.ams.org/math/jmm2022/meetingapp.cgi/Login/current,Y
1041,Paul E Fishback,Grand Valley State University,https://meetings.ams.org/math/jmm2022/meetingapp.cgi/Login/current,F
1471,John Hood,Bowdoin College,https://meetings.ams.org/math/jmm2022/meetingapp.cgi/Login/current,H
2118,Junling Ma,University of Victoria,https://meetings.ams.org/math/jmm2022/meetingapp.cgi/Login/current,M
3785,Jennifer Whitfield,Texas A&M University,https://meetings.ams.org/math/jmm2022/meetingapp.cgi/Login/current,W
